index,Hotel Name,Catogory,number of reviews,address
1,,,,
2,No Diamonds,Web Design,7,349 Diablo Ct
3,,,,Offers virtual consultations
4,Project 100,Marketing,10,Offers virtual consultations
5,,,,Offers virtual consultations
6,Fyresite,Web Design,9,5201 Great America Pkwy
7,First Day Social,Marketing,4,39675 Cedar Blvd
8,Brand World Creative,Web Design,3,Marketing & Advertising Agency
9,,,,
10,,,,
11,GreenKeys Locksmith,Verified License,485,Serving Newark and the Surrounding Area
12,Bay Frames,Framing,84,Serving Fremont and the Surrounding Area
13,,,,Offers virtual consultations
14,,,,$30 for $50 Deal
15,Fast banners and signs,Signmaking,46,29400 Kohoutek Way
16,Ashley Interiors,Interior Design,18,Serving Newark and the Surrounding Area
17,Tee Rabbit,Screen Printing/T-Shirt Printing,56,Serving Fremont and the Surrounding Area
18,,,,$75 for $100 Deal
19,Pacific Promotional Products,Printing Services,6,You can request a quote from this business
20,R & M Quality Windows & Doors,Windows Installation,103,Serving Newark and the Surrounding Area
21,Red Curbs Skate Shop,Skate Shops,22,40923 Grimmer Blvd
22,Costco,Wholesale Stores,442,43621 Pacific Commons Blvd
23,Mail N Services of Newark,Notaries,70,35111 Newark Blvd
